Brand,Style,Stars
Ve Wong,Cup,8
Lele,Pack,9
Pringles,Cup,3
Acecook,Pack,10
Guava Story,Pack,10
Prima,Pack,9
Sichuan Baijia,Cup,2
KOKA,Tray,9
Kang Shi Fu,Pack,1
GGE,Pack,6
Master Kong,Pack,6
GGE,Pack,1
Kiki Noodle,Pack,6
Ching's Secret,Bowl,8
Indomie,Pack,6
TTL,Cup,10
Goku-Uma,Pack,10
Guava Story,Pack,9
Lipton,Pack,4
Mum Ngon,Pack,6
E-Zee,Cup,10
Sokensha,Pack,2
Myojo,Cup,1
Pringles,Pack,6
Ching's Secret,Pack,1
Ripe'n'Dry,Bowl,6
Ching's Secret,Pack,4
GGE,Bowl,7
Gefen,Bowl,6
Paldo,Pack,7
MyKuali,Pack,4
Nissin,Pack,1
Samyang Foods,Pack,9
Dr. McDougall's,Bowl,9
TTL,Bowl,10
Fashion Food,Pack,10
New Touch,Box,6
Samyang Foods,Cup,9
Tao Kae Noi,Tray,5
Mom's Dry Noodle,Cup,2
Myojo,Pack,10
TTL,Cup,8
Wei Lih,Cup,7
Happy Cook,Cup,6
E-Zee,Pack,1
Dream Kitchen,Cup,3
GGE,Pack,5
Just Way,Pack,10
Nissin,Bowl,9
KOKA,Pack,7
Goku-Uma,Pack,4
Binh Tay,Bowl,8
GGE,Pack,7
New Touch,Pack,7
Ve Wong,Bowl,9
Lele,Pack,7
Goku-Uma,Pack,9
GGE,Pack,3
Master Kong,Pack,1
Lele,Pack,3
GGE,Cup,4
Uni-President,Tray,4
Fujiwara,Pack,3
Yum-Mie,Bowl,7
MyKuali,Pack,4
Samurai Ramen,Bowl,1
E-Zee,Pack,9
Tokyo Noodle,Can,7
Hua Feng,Pack,4
Tokyo Noodle,Bowl,5
Jackpot Teriyaki,Pack,9
Xiuhe,Pack,1
TRDP,Pack,3
Yum-Mie,Pack,1
Super Bihun,Pack,10
Ikeda Shoku,Bowl,2
Shirakiku,Pack,7
Sokensha,Bowl,6
New Touch,Pack,5
GGE,Pack,2
Hua Feng,Box,7
Binh Tay,Cup,3
Nissin,Pack,4
Shirakiku,Cup,8
KOKA,Pack,2
Samyang Foods,Cup,1
World O' Noodle,Pack,4
Samurai Ramen,Cup,9
Kang Shi Fu,Pack,10
Sichuan Guangyou,Cup,6
Tao Kae Noi,Pack,4
Ikeda Shoku,Cup,8
Pringles,Pack,7
Indomie,Cup,2
Sichuan Baijia,Pack,4
Daifuku,Cup,5
Lipton,Pack,4
Sau Tao,Bowl,6
Kiki Noodle,Pack,6
Tao Kae Noi,Cup,8
Wang,Bowl,10
E-Zee,Pack,3
Acecook,Pack,7
Fashion Food,Pack,6
Goku-Uma,Bowl,1
Uni-President,Bowl,2
Sichuan Baijia,Pack,2
Binh Tay,Pack,4
GGE,Pack,8
The Ramen Rater Select,Cup,2
New Touch,Pack,5
Happy Cook,Cup,9
Hua Feng,Cup,5
Lipton,Pack,5
Jackpot Teriyaki,Pack,2
Lipton,Cup,10
World O' Noodle,Bowl,6
Uni-President,Pack,10
Little Cook,Bowl,5
Samurai Ramen,Pack,3
Samurai Ramen,Bowl,7
Super Bihun,Pack,2
Hua Feng,Pack,3
Fujiwara,Pack,8
Ikeda Shoku,Pack,8
Jackpot Teriyaki,Cup,3
MyKuali,Bowl,8
TRDP,Pack,6
Master Kong,Bowl,9
Takamori,Pack,6
Ching's Secret,Pack,5
Tokyo Noodle,Pack,8
Ogasawara,Cup,1
Xiuhe,Pack,1
Liang Cheng Mai,Cup,6
E-Zee,Pack,4
TTL,Bowl,1
Ching's Secret,Cup,1
Ogasawara,Cup,8
Sokensha,Box,9
Dream Kitchen,Pack,3
Just Way,Bowl,5
Nissin,Pack,8
Gefen,Bowl,1
Gefen,Pack,5
Maruchan,Pack,10
Uni-President,Pack,2
Maruchan,Cup,2
Myojo,Bowl,2
Goku-Uma,Bowl,5
Jackpot Teriyaki,Pack,7
Little Cook,Cup,9
Sichuan Guangyou,Bowl,8
Gefen,Pack,7
Maggi,Cup,8
World O' Noodle,Cup,3
Ripe'n'Dry,Pack,10
Lipton,Pack,3
Yamachan,Cup,9
Ripe'n'Dry,Pack,1
Sichuan Baijia,Cup,8
Fashion Food,Box,2
Guava Story,Tray,3
Dr. McDougall's,Pack,5
Guava Story,Bowl,8
Liang Cheng Mai,Bowl,1
New Touch,Bowl,1
Mom's Dry Noodle,Cup,5
Wei Lih,Pack,2
Little Cook,Pack,1
Fujiwara,Pack,3
Tao Kae Noi,Pack,7
Yum-Mie,Pack,10
Wang,Pack,10
Takamori,Pack,4
Ajinatori,Cup,8
Super Bihun,Pack,5
Tokyo Noodle,Bowl,6
Takamori,Pack,10
Samurai Ramen,Bowl,2
The Ramen Rater Select,Cup,10
Ripe'n'Dry,Pack,8
Daifuku,Tray,10
Ogasawara,Bowl,7
World O' Noodle,Pack,7
Prima,Pack,6
Happy Cook,Cup,3
Yum-Mie,Pack,3
Prima,Bowl,8
Xiuhe,Pack,2
Prima,Cup,4
Happy Cook,Cup,4
Goku-Uma,Pack,8
Hua Feng,Bowl,9
Gefen,Pack,9
Sichuan Guangyou,Bowl,4
Wei Lih,Pack,4
Fujiwara,Cup,1
Samurai Ramen,Cup,2
Ikeda Shoku,Cup,1
Tao Kae Noi,Pack,7
Fashion Food,Cup,9
Liang Cheng Mai,Pack,1
Little Cook,Box,9
Takamori,Cup,5
Happy Cook,Bowl,2
Nissin,Pack,3
Xiuhe,Pack,10
Liang Cheng Mai,Bowl,5
E-Zee,Cup,10
Indomie,Pack,9
Lipton,Pack,7
Guava Story,Pack,1
Ve Wong,Pack,3
New Touch,Pack,10
Gefen,Pack,7
Ripe'n'Dry,Pack,1
Nongshim,Pack,3
Happy Cook,Bowl,1
Daifuku,Bowl,2
Sichuan Guangyou,Pack,3
Daifuku,Cup,6
The Ramen Rater Select,Bowl,1
Shirakiku,Bowl,10
The Ramen Rater Select,Cup,10
Indomie,Pack,8
Kang Shi Fu,Bowl,8
Jackpot Teriyaki,Cup,2
Prima,Pack,2
Paldo,Pack,5
Wei Lih,Cup,4
Ajinatori,Cup,8
Sichuan Guangyou,Pack,7
Acecook,Bowl,5
Uni-President,Pack,2
Dream Kitchen,Pack,1
Samyang Foods,Cup,4
TRDP,Cup,9
Ogasawara,Pack,7
Ve Wong,Cup,1
Mom's Dry Noodle,Cup,9
Kang Shi Fu,Cup,9
E-Zee,Pack,10
New Touch,Cup,6
Master Kong,Cup,4
Super Bihun,Cup,1
E-Zee,Cup,5
Uni-President,Cup,8
Prima,Pack,6
Binh Tay,Cup,3
Dr. McDougall's,Pack,9
Guava Story,Pack,1
Indomie,Pack,7
The Ramen Rater Select,Cup,8
Mama Pat's,Cup,5
Liang Cheng Mai,Pack,4
Sichuan Guangyou,Pack,3
Sichuan Guangyou,Pack,4
Ching's Secret,Bowl,7
Pringles,Bowl,8
New Touch,Cup,5
Guava Story,Bowl,10
Nongshim,Pack,4
Gefen,Bowl,5
New Touch,Cup,10
Gefen,Bowl,2
Binh Tay,Cup,4
Mum Ngon,Pack,1
Super Bihun,Pack,10
Little Cook,Pack,5
Prima,Pack,2
Shirakiku,Cup,2
Dr. McDougall's,Cup,1
Tokyo Noodle,Pack,7
Hua Feng,Cup,8
Ve Wong,Pack,2
Ajinatori,Pack,2
Nongshim,Pack,9
Kiki Noodle,Tray,6
Myojo,Cup,7
KOKA,Pack,9
Mom's Dry Noodle,Pack,10
Wang,Cup,7
Master Kong,Bowl,8
Daifuku,Cup,8
GGE,Cup,8
Wang,Bowl,4
TRDP,Pack,7
Indomie,Pack,3
Sau Tao,Pack,9
E-Zee,Pack,9
Guava Story,Bowl,4
Jackpot Teriyaki,Cup,2
Master Kong,Pack,2
Myojo,Bowl,2
Indomie,Cup,5
TRDP,Cup,3
World O' Noodle,Pack,1
Ogasawara,Pack,1
KOKA,Cup,2
Tokyo Noodle,Pack,9
Wang,Bowl,6
Super Bihun,Pack,7
Binh Tay,Bowl,4
Master Kong,Cup,4
Super Bihun,Pack,5
Ve Wong,Cup,10
Liang Cheng Mai,Bowl,3
Yamachan,Bowl,10
Guava Story,Pack,6
Little Cook,Pack,9
Sichuan Baijia,Pack,4
Jackpot Teriyaki,Pack,7
New Touch,Pack,7
Ching's Secret,Cup,10
Fujiwara,Cup,10
Prima,Pack,10
Fujiwara,Pack,1
Acecook,Cup,6
Lele,Bowl,6
Wei Lih,Pack,10
Sichuan Baijia,Bowl,6
KOKA,Bowl,3
Super Bihun,Pack,8
Lele,Bowl,10
GGE,Tray,5
Ve Wong,Cup,10
Ripe'n'Dry,Cup,2
Sau Tao,Bowl,5
Binh Tay,Pack,9
Lele,Pack,7
World O' Noodle,Pack,9
Gefen,Cup,4
Maruchan,Bowl,4
The Ramen Rater Select,Cup,6
Little Cook,Cup,6
Sichuan Guangyou,Pack,4
New Touch,Cup,7
The Ramen Rater Select,Cup,1
Dr. McDougall's,Pack,2
Sokensha,Bowl,1
Maggi,Cup,9
Pringles,Pack,6
Ogasawara,Cup,8
Lele,Bowl,8
Kiki Noodle,Bowl,9
Kang Shi Fu,Bowl,2
Mama Pat's,Cup,6
Mum Ngon,Bowl,8
Shirakiku,Cup,8
Pringles,Pack,10
Indomie,Pack,2
Shirakiku,Bowl,5
Dr. McDougall's,Pack,7
Maruchan,Pack,2
Kang Shi Fu,Bowl,4
Ikeda Shoku,Pack,2
Daifuku,Pack,6
Maruchan,Pack,4
Binh Tay,Cup,3
Master Kong,Pack,1
Samyang Foods,Cup,7
Kang Shi Fu,Pack,4
Ogasawara,Pack,3
Lele,Tray,5
KOKA,Pack,4
TRDP,Bowl,10
Kiki Noodle,Pack,5
Sau Tao,Pack,6
Kang Shi Fu,Cup,10
Tokyo Noodle,Pack,9
Kiki Noodle,Pack,5
Nissin,Pack,6
Just Way,Cup,8
Yum-Mie,Bowl,3
Daifuku,Bowl,9
Ottogi,Cup,3
TTL,Bowl,4
The Ramen Rater Select,Cup,4
Ripe'n'Dry,Cup,3
Mama Pat's,Cup,9
Samyang Foods,Cup,7
Ve Wong,Cup,7
Mum Ngon,Cup,10
Lele,Cup,6
Uni-President,Bowl,1
World O' Noodle,Pack,4
Super Bihun,Pack,10
Fujiwara,Pack,9
MyKuali,Pack,10
Ikeda Shoku,Bowl,1
Ottogi,Cup,4
Super Bihun,Cup,2
Ajinatori,Pack,6
Mama Pat's,Pack,10
MyKuali,Pack,3
Prima,Bowl,3
Indomie,Pack,3
Ve Wong,Pack,7
Uni-President,Pack,6
Acecook,Bowl,5
Yum-Mie,Pack,5
Indomie,Pack,9
Mum Ngon,Pack,8
Wang,Pack,4
E-Zee,Pack,3
Uni-President,Cup,5
Nissin,Pack,7
Hua Feng,Pack,10
Myojo,Pack,5
E-Zee,Pack,9
Samurai Ramen,Pack,10
Ottogi,Pack,10
Ripe'n'Dry,Cup,10
Guava Story,Pack,2
Hua Feng,Cup,8
TRDP,Pack,1
Fujiwara,Bowl,8
GGE,Pack,1
Tokyo Noodle,Pack,5
Nissin,Bowl,10
Myojo,Pack,8
Gefen,Tray,7
MyKuali,Pack,10
Samyang Foods,Tray,7
Paldo,Pack,10
E-Zee,Pack,2
Guava Story,Pack,6
Ripe'n'Dry,Pack,1
Samurai Ramen,Pack,3
Fashion Food,Pack,1
KOKA,Pack,6
New Touch,Pack,2
Liang Cheng Mai,Cup,6
Fashion Food,Bowl,1
MyKuali,Cup,10
Ripe'n'Dry,Pack,10
Lele,Pack,3
The Ramen Rater Select,Bowl,5
New Touch,Bowl,3
Uni-President,Bowl,1
Mom's Dry Noodle,Pack,9
Mum Ngon,Pack,6
Just Way,Pack,5
Takamori,Pack,10
Hua Feng,Pack,5
Indomie,Pack,1
Samyang Foods,Bowl,2
Super Bihun,Cup,4
Samurai Ramen,Pack,3
TTL,Pack,8
Takamori,Pack,9
Super Bihun,Cup,4
Mama Pat's,Cup,8
Dr. McDougall's,Bowl,1
Happy Cook,Pack,8
Hua Feng,Bowl,7
New Touch,Cup,7
Super Bihun,Pack,4
Sau Tao,Pack,3
Mom's Dry Noodle,Cup,3
Sichuan Guangyou,Cup,3
Paldo,Cup,1
Ikeda Shoku,Bowl,6
New Touch,Pack,7
Takamori,Cup,5
Ottogi,Pack,9
MyKuali,Cup,8
Shirakiku,Pack,5
Super Bihun,Cup,10
TRDP,Pack,6
Kang Shi Fu,Pack,6
Kiki Noodle,Pack,10
Ikeda Shoku,Pack,3
Prima,Pack,3
E-Zee,Pack,1
Ajinatori,Bowl,6
Lele,Pack,7
Kiki Noodle,Cup,6
Just Way,Pack,1
Ajinatori,Pack,9
Sokensha,Bowl,8
Acecook,Cup,7
Liang Cheng Mai,Pack,8
Takamori,Bowl,8
Indomie,Pack,7
Happy Cook,Pack,5
Ogasawara,Pack,3
Indomie,Pack,4
Maruchan,Cup,5
Indomie,Pack,4
TRDP,Cup,1
Samyang Foods,Bowl,2
TTL,Pack,4
Samyang Foods,Pack,8
Shirakiku,Bowl,5
Sichuan Guangyou,Pack,7
Binh Tay,Pack,2
Jackpot Teriyaki,Cup,3
GGE,Cup,5